,idx
0,0
1,1
2,2
3,3
4,4
5,5
6,6
7,7
8,8
9,9
10,11
11,12
12,13
13,14
14,15
15,16
16,17
17,18
18,19
19,20
20,21
21,22
22,23
23,24
24,25
25,26
26,27
27,29
28,30
29,31
30,32
31,33
32,34
33,38
34,39
35,40
36,42
37,43
38,44
39,46
40,47
41,49
42,50
43,53
44,56
45,57
46,58
47,59
48,60
49,61
50,62
51,63
52,64
53,65
54,66
55,67
56,71
57,72
58,73
59,74
60,75
61,79
62,82
63,83
64,84
65,85
66,86
67,87
68,88
69,90
70,91
71,92
72,93
73,94
74,95
75,96
76,98
77,99
78,100
79,101
80,102
81,104
82,105
83,106
84,107
85,108
86,109
87,113
88,114
89,115
90,116
91,117
92,120
93,122
94,123
95,124
96,125
97,126
98,127
99,128
100,129
101,130
102,131
103,132
104,133
105,134
106,135
107,136
108,137
109,138
110,139
111,140
112,142
113,143
114,147
115,148
116,149
117,150
118,151
119,152
120,153
121,155
122,156
123,157
124,158
125,159
126,160
127,161
128,162
129,163
130,164
131,165
132,166
133,167
134,168
135,169
136,170
137,171
138,172
139,173
140,174
141,175
142,176
143,177
144,178
145,179
146,180
147,181
148,182
149,184
150,185
151,186
152,187
153,188
154,189
155,191
156,192
157,193
158,194
159,195
160,196
161,197
162,202
163,203
164,205
165,207
166,208
167,209
168,210
169,212
170,213
171,214
172,215
173,216
174,219
175,220
176,221
177,222
178,223
179,224
180,225
181,226
182,227
183,228
184,229
185,230
186,231
187,232
188,233
189,234
190,235
191,236
192,238
193,240
194,241
195,242
196,243
197,244
198,245
199,246
200,247
201,248
202,249
203,251
204,252
205,253
206,254
207,255
208,259
209,260
210,261
211,262
212,263
213,264
214,265
215,266
216,267
217,268
218,270
219,271
220,273
221,274
222,275
223,276
224,277
225,278
226,279
227,280
228,281
229,282
230,284
231,285
232,286
233,287
234,288
235,289
236,291
237,292
238,293
239,294
240,295
241,296
242,297
243,299
244,301
245,302
246,303
247,304
248,308
249,309
250,311
251,312
252,313
253,314
254,316
255,319
256,320
257,321
258,322
259,323
260,324
261,326
262,327
263,328
264,329
265,330
266,331
267,332
268,333
269,334
270,338
271,340
272,342
273,344
274,345
275,346
276,347
277,348
278,349
279,350
280,351
281,353
282,354
283,355
284,356
285,357
286,358
287,361
288,362
289,364
290,365
291,366
292,367
293,368
294,370
295,372
296,373
297,374
298,375
299,376
300,378
301,379
302,381
303,382
304,383
305,385
306,386
307,387
308,388
309,391
310,393
311,394
312,395
313,397
314,398
315,400
316,401
317,403
318,405
319,407
320,410
321,411
322,412
323,413
324,414
325,415
326,416
327,418
328,419
329,420
330,421
331,422
332,423
333,424
334,425
335,427
336,428
337,429
338,431
339,432
340,433
341,434
342,435
343,436
344,437
345,438
346,439
347,440
348,441
349,442
350,443
351,444
352,445
353,447
354,448
355,449
356,450
357,451
358,453
359,454
360,455
361,456
362,457
363,461
364,462
365,463
366,464
367,465
368,466
369,468
370,469
371,471
372,472
373,473
374,474
375,476
376,477
377,478
378,479
379,481
380,482
381,483
382,485
383,486
384,487
385,488
386,489
387,490
388,491
389,492
390,493
391,494
392,495
393,497
394,498
395,500
396,502
397,503
398,505
399,506
400,507
401,508
402,510
403,512
404,513
405,514
406,515
407,516
408,517
409,518
410,519
411,520
412,521
413,524
414,527
415,528
416,529
417,530
418,531
419,532
420,533
421,534
422,535
423,536
424,537
425,539
426,540
427,542
428,543
429,544
430,545
431,546
432,547
433,548
434,549
435,550
436,551
437,552
438,553
439,554
440,555
441,556
442,557
443,558
444,560
445,562
446,563
447,564
448,565
449,566
450,567
451,568
452,569
453,570
454,571
455,572
456,573
457,574
458,575
459,577
460,578
461,579
462,580
463,581
464,582
465,583
466,584
467,585
468,586
469,587
470,588
471,589
472,590
473,591
474,592
475,594
476,595
477,596
478,597
479,599
480,600
481,601
482,602
483,603
484,605
485,607
486,608
487,609
488,610
489,612
490,613
491,615
492,616
493,617
494,619
495,620
496,621
497,622
498,623
499,624
500,625
501,626
502,627
503,630
504,631
505,633
506,634
507,636
508,637
509,638
510,639
511,641
512,642
513,645
514,646
515,648
516,649
517,650
518,651
519,652
520,653
521,654
522,657
523,658
524,659
525,660
526,661
527,662
528,663
529,664
530,665
531,667
532,668
533,669
534,671
535,673
536,675
537,677
538,678
539,679
540,680
541,681
542,682
543,683
544,684
545,685
546,686
547,688
548,690
549,691
550,692
551,694
552,695
553,696
554,697
555,698
556,699
557,700
558,702
559,703
560,706
561,709
562,710
563,711
564,712
565,713
566,714
567,715
568,716
569,717
570,718
571,719
572,720
573,721
574,722
575,723
576,724
577,725
578,726
579,727
580,728
581,729
582,730
583,733
584,734
585,735
586,736
587,737
588,738
589,739
590,740
591,741
592,742
593,743
594,744
595,745
596,746
597,748
598,749
599,750
600,751
601,752
602,753
603,755
604,756
605,757
606,758
607,759
608,761
609,762
610,763
611,764
612,765
613,768
614,769
615,770
616,771
617,772
618,774
619,775
620,776
621,777
622,778
623,779
624,780
625,782
626,783
627,785
628,786
629,787
630,788
631,789
632,790
633,791
634,792
635,793
636,795
637,796
638,797
639,798
640,800
641,801
642,802
643,803
644,804
645,806
646,807
647,809
648,810
649,812
650,814
651,815
652,816
653,818
654,819
655,820
656,821
657,822
658,825
659,828
660,829
661,830
662,831
663,833
664,834
665,835
666,838
667,839
668,840
669,841
670,842
671,844
672,845
673,850
674,852
675,853
676,855
677,856
678,857
679,858
680,859
681,860
682,861
683,862
684,863
685,865
686,866
687,867
688,869
689,871
690,872
691,874
692,875
693,876
694,877
695,878
696,879
697,880
698,881
699,883
700,884
701,885
702,886
703,888
704,889
705,890
706,891
707,892
708,893
709,894
710,895
711,896
712,897
713,898
714,899
715,900
716,901
717,902
718,903
719,905
720,906
721,907
722,908
723,909
724,910
725,911
726,912
727,913
728,914
729,915
730,916
731,917
732,918
733,919
734,920
735,921
736,922
737,923
738,924
739,925
740,926
741,927
742,928
743,929
744,931
745,933
746,934
747,937
748,938
749,939
750,940
751,942
752,943
753,944
754,945
755,946
756,947
757,948
758,949
759,951
760,952
761,954
762,955
763,959
764,960
765,961
766,962
767,963
768,966
769,967
770,968
771,969
772,970
773,972
774,973
775,975
776,976
777,978
778,979
779,980
780,981
781,982
782,984
783,985
784,986
785,987
786,988
787,989
788,990
789,992
790,993
791,995
792,996
793,998
794,999
795,1000
796,1001
797,1002
798,1003
799,1004
800,1005
801,1006
802,1007
803,1008
804,1009
805,1010
806,1011
807,1012
808,1014
809,1015
810,1016
811,1018
812,1019
813,1020
814,1021
815,1022
816,1023
817,1024
818,1026
819,1027
820,1028
821,1029
822,1030
823,1031
824,1033
825,1034
826,1035
827,1036
828,1037
829,1039
830,1040
831,1041
832,1042
833,1043
834,1046
835,1047
836,1048
837,1049
838,1050
839,1051
840,1052
841,1053
842,1054
843,1055
844,1056
845,1057
846,1058
847,1059
848,1060
849,1061
850,1062
851,1063
852,1066
853,1068
854,1069
855,1070
856,1071
857,1073
858,1074
859,1075
860,1076
861,1078
862,1079
863,1080
864,1081
865,1082
866,1084
867,1085
868,1087
869,1088
870,1089
871,1090
872,1091
873,1092
874,1093
875,1094
876,1095
877,1096
878,1097
879,1099
880,1100
881,1101
882,1102
883,1103
884,1104
885,1105
886,1109
887,1110
888,1112
889,1113
890,1114
891,1116
892,1118
893,1119
894,1120
895,1121
896,1123
897,1124
898,1125
899,1126
900,1127
901,1128
902,1129
903,1130
904,1131
905,1132
906,1133
907,1134
908,1137
909,1138
910,1139
911,1140
912,1141
913,1142
914,1143
915,1144
916,1145
917,1146
918,1147
919,1148
920,1149
921,1150
922,1151
923,1152
924,1153
925,1154
926,1155
927,1157
928,1158
929,1159
930,1160
931,1161
932,1162
933,1163
934,1164
935,1165
936,1166
937,1167
938,1168
939,1169
940,1170
941,1171
942,1172
943,1173
944,1175
945,1176
946,1177
947,1178
948,1179
949,1180
950,1181
951,1182
952,1183
953,1184
954,1188
955,1189
956,1190
957,1193
958,1194
959,1195
960,1196
961,1197
962,1198
963,1200
964,1201
965,1202
966,1203
967,1204
968,1205
969,1206
970,1207
971,1208
972,1209
973,1210
974,1211
975,1212
976,1213
977,1215
978,1217
979,1218
980,1220
981,1221
982,1222
983,1223
984,1225
985,1227
986,1228
987,1230
988,1231
989,1232
990,1233
991,1234
992,1235
993,1236
994,1237
995,1239
996,1241
997,1243
998,1244
999,1247
1000,1249
1001,1251
1002,1252
1003,1253
1004,1254
1005,1258
1006,1259
1007,1260
1008,1261
1009,1262
1010,1263
1011,1265
1012,1266
1013,1268
1014,1269
1015,1270
1016,1271
1017,1274
1018,1275
1019,1276
1020,1277
1021,1278
1022,1279
1023,1280
1024,1281
1025,1282
1026,1283
1027,1284
1028,1285
1029,1286
1030,1287
1031,1288
1032,1289
1033,1291
1034,1292
1035,1293
1036,1294
1037,1295
1038,1296
1039,1297
1040,1299
1041,1300
1042,1301
1043,1302
1044,1303
1045,1304
1046,1306
1047,1307
1048,1308
1049,1309
1050,1310
1051,1311
1052,1312
1053,1318
1054,1319
1055,1320
1056,1321
1057,1322
1058,1325
1059,1326
1060,1327
1061,1328
1062,1329
1063,1331
1064,1332
1065,1333
1066,1334
1067,1335
1068,1337
1069,1338
1070,1339
1071,1340
1072,1341
1073,1342
1074,1343
1075,1344
1076,1345
1077,1346
1078,1347
1079,1348
1080,1349
1081,1350
1082,1352
1083,1353
1084,1354
1085,1355
1086,1357
1087,1360
1088,1361
1089,1363
1090,1364
1091,1365
1092,1366
1093,1367
1094,1368
1095,1369
1096,1370
1097,1371
1098,1372
1099,1374
1100,1376
1101,1377
1102,1380
1103,1381
1104,1383
1105,1384
1106,1386
1107,1388
1108,1389
1109,1390
1110,1391
1111,1393
1112,1394
1113,1395
1114,1396
1115,1397
1116,1398
1117,1399
1118,1400
1119,1404
1120,1405
1121,1406
1122,1407
1123,1408
1124,1409
1125,1410
1126,1411
1127,1412
1128,1413
1129,1414
1130,1415
1131,1416
1132,1417
1133,1418
1134,1419
1135,1420
1136,1421
1137,1423
1138,1428
1139,1429
1140,1432
1141,1433
1142,1434
1143,1435
1144,1436
1145,1437
1146,1438
1147,1439
1148,1440
1149,1441
1150,1442
1151,1443
1152,1447
1153,1448
1154,1449
1155,1450
1156,1452
1157,1453
1158,1454
1159,1455
1160,1456
1161,1458
1162,1460
1163,1461
1164,1463
1165,1464
1166,1465
1167,1466
1168,1467
1169,1468
1170,1469
1171,1470
1172,1471
1173,1473
1174,1474
1175,1475
1176,1476
1177,1477
1178,1478
1179,1479
1180,1480
1181,1483
1182,1484
1183,1487
1184,1489
1185,1490
1186,1491
1187,1492
1188,1493
1189,1494
1190,1495
1191,1496
1192,1497
1193,1499
1194,1500
1195,1502
1196,1503
1197,1504
1198,1505
1199,1506
1200,1507
1201,1508
1202,1509
1203,1510
1204,1511
1205,1512
1206,1513
1207,1514
1208,1515
1209,1517
1210,1519
1211,1520
1212,1521
1213,1522
1214,1523
1215,1524
1216,1525
1217,1526
1218,1527
1219,1528
1220,1529
1221,1530
1222,1531
1223,1532
1224,1533
1225,1534
1226,1535
1227,1536
1228,1537
1229,1539
1230,1540
1231,1541
1232,1542
1233,1543
1234,1544
1235,1546
1236,1547
1237,1548
1238,1550
1239,1553
1240,1554
1241,1555
1242,1556
1243,1557
1244,1558
1245,1559
1246,1560
1247,1561
1248,1562
1249,1564
1250,1567
1251,1568
1252,1569
1253,1570
1254,1571
1255,1573
1256,1574
1257,1576
1258,1577
1259,1578
1260,1579
1261,1581
1262,1582
1263,1583
1264,1584
1265,1587
1266,1589
1267,1590
1268,1591
1269,1592
1270,1593
1271,1594
1272,1595
1273,1596
1274,1597
1275,1598
1276,1599
1277,1600
1278,1601
1279,1602
1280,1603
1281,1604
1282,1605
1283,1606
1284,1607
1285,1608
1286,1610
1287,1612
1288,1615
1289,1616
1290,1617
1291,1618
1292,1619
1293,1620
1294,1621
1295,1622
1296,1623
1297,1624
1298,1625
1299,1626
1300,1627
1301,1628
1302,1629
1303,1630
1304,1632
1305,1633
1306,1635
1307,1636
1308,1637
1309,1638
1310,1639
1311,1640
1312,1641
1313,1642
1314,1643
1315,1644
1316,1645
1317,1646
1318,1647
1319,1648
1320,1649
1321,1650
1322,1652
1323,1654
1324,1655
1325,1656
1326,1657
1327,1658
1328,1659
1329,1660
1330,1661
1331,1666
1332,1667
1333,1669
1334,1670
1335,1671
1336,1672
1337,1674
1338,1675
1339,1676
1340,1677
1341,1678
1342,1679
1343,1681
1344,1682
1345,1683
1346,1684
1347,1685
1348,1686
1349,1688
1350,1690
1351,1691
1352,1692
1353,1693
1354,1694
1355,1695
1356,1696
1357,1697
1358,1700
1359,1701
1360,1702
1361,1704
1362,1705
1363,1706
1364,1708
1365,1709
1366,1711
1367,1712
1368,1714
1369,1715
1370,1717
1371,1718
1372,1720
1373,1721
1374,1723
1375,1724
1376,1725
1377,1726
1378,1727
1379,1728
1380,1729
1381,1733
1382,1734
1383,1735
1384,1737
1385,1738
1386,1739
1387,1740
1388,1741
1389,1742
1390,1743
1391,1744
1392,1746
1393,1747
1394,1748
1395,1750
1396,1751
1397,1752
1398,1753
1399,1754
1400,1755
1401,1756
1402,1757
1403,1758
1404,1759
1405,1760
1406,1761
1407,1762
1408,1764
1409,1765
1410,1766
1411,1767
1412,1768
1413,1769
1414,1770
1415,1772
1416,1773
1417,1774
1418,1775
1419,1777
1420,1778
1421,1779
1422,1783
1423,1785
1424,1786
1425,1787
1426,1788
1427,1789
1428,1790
1429,1791
1430,1792
1431,1793
1432,1794
1433,1795
1434,1796
1435,1798
1436,1800
1437,1801
1438,1802
1439,1803
1440,1804
1441,1805
1442,1806
1443,1807
1444,1808
1445,1809
1446,1810
1447,1811
1448,1812
1449,1814
1450,1815
1451,1816
1452,1817
1453,1818
1454,1819
1455,1821
1456,1822
1457,1823
1458,1824
1459,1825
1460,1827
1461,1828
1462,1829
1463,1831
1464,1832
1465,1833
1466,1834
1467,1835
1468,1836
1469,1837
1470,1838
1471,1839
1472,1840
1473,1841
1474,1842
1475,1843
1476,1844
1477,1845
1478,1846
1479,1847
1480,1850
1481,1851
1482,1853
1483,1854
1484,1859
1485,1860
1486,1861
1487,1862
1488,1864
1489,1865
1490,1866
1491,1867
1492,1868
1493,1869
1494,1871
1495,1872
1496,1873
1497,1874
1498,1875
1499,1876
1500,1877
1501,1878
1502,1880
1503,1883
1504,1884
1505,1885
1506,1886
1507,1887
1508,1888
1509,1889
1510,1890
1511,1893
1512,1894
1513,1898
1514,1899
1515,1901
1516,1902
1517,1903
1518,1904
1519,1905
1520,1906
1521,1907
1522,1910
1523,1911
1524,1912
1525,1913
1526,1914
1527,1915
1528,1917
1529,1918
1530,1920
1531,1921
1532,1924
1533,1925
1534,1926
1535,1927
1536,1928
1537,1929
1538,1930
1539,1931
1540,1934
1541,1935
1542,1936
1543,1937
1544,1938
1545,1939
1546,1940
1547,1942
1548,1943
1549,1944
1550,1945
1551,1946
1552,1949
1553,1950
1554,1951
1555,1952
1556,1953
1557,1955
1558,1956
1559,1957
1560,1958
1561,1959
1562,1960
1563,1961
1564,1962
1565,1963
1566,1964
1567,1965
1568,1967
1569,1970
1570,1971
1571,1972
1572,1974
1573,1975
1574,1976
1575,1977
1576,1978
1577,1979
1578,1980
1579,1981
1580,1982
1581,1983
1582,1984
1583,1985
1584,1986
1585,1987
1586,1988
1587,1990
1588,1991
1589,1993
1590,1994
1591,1996
1592,1997
1593,1998
1594,1999
1595,2000
1596,2001
1597,2002
1598,2003
1599,2004
1600,2005
1601,2007
1602,2008
1603,2009
1604,2010
1605,2011
1606,2012
1607,2013
1608,2014
1609,2015
1610,2016
1611,2017
1612,2018
1613,2019
1614,2020
1615,2021
1616,2022
1617,2024
1618,2025
1619,2026
1620,2027
1621,2028
1622,2030
1623,2031
1624,2032
1625,2033
1626,2034
1627,2035
1628,2036
1629,2037
1630,2038
1631,2039
1632,2040
1633,2042
1634,2043
1635,2044
1636,2045
1637,2046
1638,2047
1639,2048
1640,2049
1641,2050
1642,2052
1643,2053
1644,2054
1645,2055
1646,2056
1647,2057
1648,2058
1649,2059
1650,2061
1651,2062
1652,2063
1653,2064
1654,2065
1655,2066
1656,2068
1657,2070
1658,2071
1659,2072
1660,2073
1661,2074
1662,2075
1663,2076
1664,2077
1665,2078
1666,2079
1667,2081
1668,2082
1669,2084
1670,2085
1671,2086
1672,2087
1673,2090
1674,2092
1675,2093
1676,2094
1677,2096
1678,2097
1679,2098
1680,2099
1681,2100
1682,2101
1683,2105
1684,2107
1685,2108
1686,2109
1687,2110
1688,2111
1689,2115
1690,2116
1691,2117
1692,2119
1693,2120
1694,2122
1695,2123
1696,2124
1697,2125
1698,2126
1699,2127
1700,2128
1701,2130
1702,2132
1703,2133
1704,2135
1705,2136
1706,2137
1707,2142
1708,2145
1709,2146
1710,2147
1711,2148
1712,2149
1713,2150
1714,2151
1715,2152
1716,2153
1717,2154
1718,2156
1719,2157
1720,2159
1721,2160
1722,2161
1723,2162
1724,2164
1725,2165
1726,2166
1727,2167
1728,2168
1729,2169
1730,2170
1731,2171
1732,2172
1733,2173
1734,2174
1735,2176
1736,2177
1737,2179
1738,2180
1739,2181
1740,2182
1741,2183
1742,2184
1743,2185
1744,2186
1745,2187
1746,2188
1747,2189
1748,2190
1749,2192
1750,2193
1751,2194
1752,2195
1753,2196
1754,2197
1755,2199
1756,2200
1757,2201
1758,2202
1759,2203
1760,2204
1761,2205
1762,2206
1763,2207
1764,2208
1765,2209
1766,2212
1767,2213
1768,2214
1769,2215
1770,2216
1771,2217
1772,2218
1773,2219
1774,2220
1775,2221
1776,2223
1777,2224
1778,2225
1779,2226
1780,2227
1781,2228
1782,2229
1783,2230
1784,2231
1785,2232
1786,2234
1787,2235
1788,2236
1789,2237
1790,2238
1791,2239
1792,2244
1793,2246
1794,2249
1795,2250
1796,2252
1797,2253
1798,2254
1799,2255
1800,2256
1801,2257
1802,2258
1803,2261
1804,2262
1805,2263
1806,2264
1807,2265
1808,2266
1809,2267
1810,2268
1811,2269
1812,2270
1813,2271
1814,2273
1815,2274
1816,2275
1817,2276
1818,2277
1819,2278
1820,2279
1821,2280
1822,2284
1823,2285
1824,2286
1825,2287
1826,2288
1827,2289
1828,2290
1829,2293
1830,2294
1831,2295
1832,2296
1833,2298
1834,2301
1835,2302
1836,2304
1837,2305
1838,2306
1839,2307
1840,2308
1841,2309
1842,2310
1843,2311
1844,2312
1845,2313
1846,2314
1847,2315
1848,2317
1849,2318
1850,2319
1851,2320
1852,2322
1853,2323
1854,2324
1855,2325
1856,2327
1857,2328
1858,2329
1859,2330
1860,2331
1861,2332
1862,2337
1863,2338
1864,2340
1865,2341
1866,2342
1867,2344
1868,2345
1869,2346
1870,2347
1871,2348
1872,2349
1873,2351
1874,2352
1875,2353
1876,2354
1877,2355
1878,2356
1879,2357
1880,2358
1881,2359
1882,2360
1883,2361
1884,2363
1885,2365
1886,2366
1887,2367
1888,2370
1889,2372
1890,2373
1891,2375
1892,2376
1893,2377
1894,2378
1895,2379
1896,2380
1897,2381
1898,2382
1899,2384
1900,2385
1901,2386
1902,2389
1903,2390
1904,2391
1905,2392
1906,2393
1907,2394
1908,2395
1909,2397
1910,2398
1911,2399
1912,2400
1913,2402
1914,2403
1915,2404
1916,2405
1917,2406
1918,2407
1919,2408
1920,2409
1921,2410
1922,2411
1923,2412
1924,2413
1925,2416
1926,2417
1927,2418
1928,2419
1929,2420
1930,2421
1931,2422
1932,2423
1933,2425
1934,2426
1935,2428
1936,2429
1937,2430
1938,2431
1939,2432
1940,2433
1941,2434
1942,2435
1943,2436
1944,2437
1945,2438
1946,2439
1947,2441
1948,2442
1949,2443
1950,2444
1951,2445
1952,2449
1953,2451
1954,2453
1955,2454
1956,2455
1957,2456
1958,2458
1959,2460
1960,2461
1961,2463
1962,2464
1963,2465
1964,2466
1965,2467
1966,2468
1967,2470
1968,2472
1969,2473
1970,2474
1971,2475
1972,2476
1973,2477
1974,2478
1975,2479
1976,2481
1977,2482
1978,2483
1979,2485
1980,2486
1981,2487
1982,2490
1983,2491
1984,2493
1985,2494
1986,2495
1987,2496
1988,2497
1989,2499
1990,2500
1991,2501
1992,2502
1993,2503
1994,2504
1995,2505
1996,2506
1997,2507
1998,2508
1999,2509
2000,2511
2001,2512
2002,2513
2003,2515
2004,2516
2005,2517
2006,2518
2007,2519
2008,2520
2009,2521
2010,2522
2011,2523
2012,2524
2013,2525
2014,2526
2015,2528
2016,2529
2017,2531
2018,2532
2019,2533
2020,2534
2021,2535
2022,2536
2023,2537
2024,2538
2025,2540
2026,2541
2027,2542
2028,2543
2029,2544
2030,2545
2031,2546
2032,2547
2033,2548
2034,2549
2035,2550
2036,2551
2037,2552
2038,2554
2039,2555
2040,2556
2041,2557
2042,2560
2043,2561
2044,2562
2045,2563
2046,2566
2047,2567
2048,2568
2049,2569
2050,2570
2051,2571
2052,2572
2053,2574
2054,2575
2055,2576
2056,2577
2057,2578
2058,2579
2059,2580
2060,2582
2061,2583
2062,2584
2063,2585
2064,2586
2065,2587
2066,2588
2067,2589
2068,2590
2069,2591
2070,2592
2071,2593
2072,2594
2073,2599
2074,2600
2075,2601
2076,2602
2077,2603
2078,2604
2079,2605
2080,2606
2081,2607
2082,2608
2083,2609
2084,2610
2085,2611
2086,2612
2087,2613
2088,2614
2089,2615
2090,2616
2091,2617
2092,2618
2093,2619
2094,2620
2095,2621
2096,2622
2097,2623
2098,2624
2099,2625
2100,2626
2101,2627
2102,2628
2103,2630
2104,2631
2105,2633
2106,2634
2107,2635
2108,2636
2109,2637
2110,2638
2111,2639
2112,2640
2113,2641
2114,2642
2115,2643
2116,2644
2117,2645
2118,2646
2119,2648
2120,2649
2121,2650
2122,2655
2123,2656
2124,2657
2125,2658
2126,2662
2127,2664
2128,2665
2129,2666
2130,2667
2131,2668
2132,2669
2133,2670
2134,2671
2135,2672
2136,2673
2137,2674
2138,2675
2139,2676
2140,2677
2141,2678
2142,2679
2143,2680
2144,2681
2145,2683
2146,2686
2147,2687
2148,2688
2149,2690
2150,2691
2151,2692
2152,2694
2153,2695
2154,2696
2155,2697
2156,2698
2157,2699
2158,2700
2159,2701
2160,2702
2161,2703
2162,2704
2163,2705
2164,2706
2165,2707
2166,2708
2167,2709
2168,2710
2169,2711
2170,2712
2171,2715
2172,2717
2173,2719
2174,2720
2175,2721
2176,2723
2177,2724
2178,2725
2179,2726
2180,2727
2181,2728
2182,2729
2183,2730
2184,2731
2185,2732
2186,2733
2187,2734
2188,2735
2189,2736
2190,2737
2191,2738
2192,2739
2193,2740
2194,2741
2195,2742
2196,2744
2197,2745
2198,2746
2199,2747
2200,2748
2201,2749
2202,2750
2203,2751
2204,2752
2205,2754
2206,2756
2207,2757
2208,2758
2209,2759
2210,2760
2211,2762
2212,2763
2213,2764
2214,2766
2215,2767
2216,2768
2217,2769
2218,2770
2219,2771
2220,2772
2221,2773
2222,2774
2223,2775
2224,2776
2225,2777
2226,2779
2227,2782
2228,2783
2229,2784
2230,2785
2231,2786
2232,2787
2233,2788
2234,2789
2235,2790
2236,2791
2237,2792
2238,2793
2239,2794
2240,2795
2241,2796
2242,2797
2243,2798
2244,2799
2245,2800
2246,2801
2247,2802
2248,2804
2249,2805
2250,2806
2251,2809
2252,2811
2253,2812
2254,2813
2255,2814
2256,2815
2257,2816
2258,2817
2259,2818
2260,2820
2261,2821
2262,2822
2263,2823
2264,2824
2265,2825
2266,2826
2267,2827
2268,2828
2269,2830
2270,2831
2271,2835
2272,2837
2273,2838
2274,2839
2275,2840
2276,2844
2277,2845
2278,2847
2279,2848
2280,2849
2281,2850
2282,2851
2283,2853
2284,2854
2285,2855
2286,2856
2287,2857
2288,2858
2289,2859
2290,2860
2291,2861
2292,2862
2293,2863
2294,2864
2295,2865
2296,2866
2297,2867
2298,2868
2299,2869
2300,2870
2301,2871
2302,2872
2303,2873
2304,2877
2305,2878
2306,2879
2307,2881
2308,2882
2309,2883
2310,2884
2311,2885
2312,2887
2313,2888
2314,2889
2315,2890
2316,2891
2317,2892
2318,2893
2319,2894
2320,2895
2321,2896
2322,2897
2323,2898
2324,2899
2325,2901
2326,2902
2327,2904
2328,2905
2329,2906
2330,2907
2331,2908
2332,2909
2333,2910
2334,2912
2335,2913
2336,2915
2337,2916
2338,2917
2339,2918
2340,2920
2341,2921
2342,2922
2343,2925
2344,2927
2345,2928
2346,2929
2347,2930
2348,2931
2349,2933
2350,2935
2351,2936
2352,2937
2353,2939
2354,2941
2355,2944
2356,2945
2357,2947
2358,2948
2359,2949
2360,2951
2361,2952
2362,2953
2363,2955
2364,2957
2365,2958
2366,2959
2367,2960
2368,2961
2369,2962
2370,2963
2371,2964
2372,2965
2373,2966
2374,2967
2375,2968
2376,2969
2377,2970
2378,2972
2379,2973
2380,2974
2381,2975
2382,2976
2383,2977
2384,2978
2385,2979
2386,2981
2387,2982
2388,2983
2389,2984
2390,2985
2391,2986
2392,2987
2393,2989
2394,2990
2395,2991
2396,2993
2397,2994
2398,2995
2399,2996
2400,2997
2401,2998
2402,2999
2403,3000
2404,3002
2405,3003
2406,3004
2407,3005
2408,3006
2409,3009
2410,3011
2411,3012
2412,3013
2413,3014
2414,3015
2415,3016
2416,3017
2417,3018
2418,3021
2419,3023
2420,3024
2421,3025
2422,3026
2423,3027
2424,3028
2425,3029
2426,3030
2427,3031
2428,3032
2429,3033
2430,3034
2431,3035
2432,3036
2433,3037
2434,3038
2435,3039
2436,3040
2437,3041
2438,3045
2439,3046
2440,3047
2441,3048
2442,3052
2443,3053
2444,3054
2445,3055
2446,3056
2447,3060
2448,3061
2449,3063
2450,3064
2451,3065
2452,3066
2453,3068
2454,3069
2455,3070
2456,3071
2457,3072
2458,3073
2459,3074
2460,3075
2461,3076
2462,3077
2463,3078
2464,3079
2465,3080
2466,3082
2467,3083
2468,3084
2469,3085
2470,3087
2471,3088
2472,3089
2473,3092
2474,3093
2475,3094
2476,3095
2477,3096
2478,3098
2479,3101
2480,3102
2481,3103
2482,3104
2483,3105
2484,3107
2485,3108
2486,3109
2487,3110
2488,3111
2489,3113
2490,3114
2491,3115
2492,3116
2493,3117
2494,3118
2495,3120
2496,3122
2497,3123
2498,3124
2499,3125
2500,3126
2501,3127
2502,3129
2503,3130
2504,3132
2505,3133
2506,3134
2507,3138
2508,3139
2509,3140
2510,3141
2511,3142
2512,3143
2513,3144
2514,3146
2515,3147
2516,3148
2517,3149
2518,3150
2519,3152
2520,3153
2521,3154
2522,3155
2523,3158
2524,3159
2525,3160
2526,3161
2527,3162
2528,3163
2529,3164
2530,3165
2531,3167
2532,3168
2533,3170
2534,3171
2535,3172
2536,3174
2537,3175
2538,3176
2539,3177
2540,3180
2541,3182
2542,3183
2543,3184
2544,3185
2545,3186
2546,3187
2547,3188
2548,3189
2549,3191
2550,3192
2551,3193
2552,3194
2553,3195
2554,3196
2555,3197
2556,3198
2557,3199
2558,3201
2559,3202
2560,3203
2561,3204
2562,3205
2563,3206
2564,3207
2565,3208
2566,3209
2567,3210
2568,3213
2569,3214
2570,3215
2571,3216
2572,3217
2573,3218
2574,3219
2575,3220
2576,3221
2577,3222
2578,3224
2579,3226
2580,3227
2581,3228
2582,3229
2583,3231
2584,3232
2585,3233
2586,3234
2587,3235
2588,3237
2589,3239
2590,3240
2591,3241
2592,3243
2593,3244
2594,3245
2595,3247
2596,3248
2597,3249
2598,3250
2599,3252
2600,3253
2601,3254
2602,3255
2603,3256
2604,3258
2605,3259
2606,3260
2607,3261
2608,3263
2609,3264
2610,3265
2611,3266
2612,3267
2613,3269
2614,3270
2615,3271
2616,3272
2617,3273
2618,3274
2619,3276
2620,3278
2621,3280
2622,3281
2623,3284
2624,3285
2625,3286
2626,3287
2627,3288
2628,3289
2629,3290
2630,3291
2631,3292
2632,3293
2633,3294
2634,3296
2635,3297
2636,3298
2637,3299
2638,3300
2639,3301
2640,3302
2641,3303
2642,3304
2643,3307
2644,3309
2645,3310
2646,3311
2647,3312
2648,3313
2649,3314
2650,3315
2651,3316
2652,3317
2653,3318
2654,3319
2655,3320
2656,3321
2657,3322
2658,3323
2659,3324
2660,3325
2661,3326
2662,3327
2663,3328
2664,3329
2665,3330
2666,3331
2667,3332
2668,3333
2669,3334
2670,3335
2671,3337
2672,3338
2673,3343
2674,3344
2675,3346
2676,3347
2677,3348
2678,3349
2679,3351
2680,3352
2681,3353
2682,3355
2683,3356
2684,3357
2685,3358
2686,3359
2687,3362
2688,3364
2689,3365
2690,3366
2691,3368
2692,3369
2693,3370
2694,3371
2695,3372
2696,3373
2697,3374
2698,3375
2699,3376
2700,3377
2701,3378
2702,3379
2703,3380
2704,3381
2705,3383
2706,3384
2707,3385
2708,3386
2709,3387
2710,3388
2711,3389
2712,3390
2713,3391
2714,3392
2715,3393
2716,3394
2717,3395
2718,3396
2719,3398
2720,3399
2721,3400
2722,3401
2723,3402
2724,3403
2725,3404
2726,3405
2727,3406
2728,3407
2729,3408
2730,3409
2731,3410
2732,3411
2733,3413
2734,3414
2735,3416
2736,3417
2737,3418
2738,3419
2739,3420
2740,3421
2741,3422
2742,3424
2743,3426
2744,3427
2745,3428
2746,3430
2747,3432
2748,3434
2749,3435
2750,3436
2751,3437
2752,3438
2753,3439
2754,3440
2755,3441
2756,3442
2757,3443
2758,3444
2759,3445
2760,3446
2761,3447
2762,3448
2763,3449
2764,3450
2765,3451
2766,3452
2767,3453
2768,3454
2769,3455
2770,3459
2771,3460
2772,3462
2773,3465
2774,3466
2775,3467
2776,3468
2777,3469
2778,3470
2779,3471
2780,3472
2781,3473
2782,3474
2783,3476
2784,3477
2785,3478
2786,3479
2787,3480
2788,3481
2789,3482
2790,3483
2791,3486
2792,3487
2793,3488
2794,3489
2795,3491
2796,3492
2797,3493
2798,3495
2799,3496
2800,3497
2801,3498
2802,3499
2803,3500
2804,3501
2805,3502
2806,3503
2807,3504
2808,3505
2809,3506
2810,3507
2811,3509
2812,3510
2813,3511
2814,3512
2815,3514
2816,3515
2817,3516
2818,3517
2819,3518
2820,3519
2821,3520
2822,3521
2823,3522
2824,3523
2825,3524
2826,3525
2827,3526
2828,3527
2829,3528
2830,3529
2831,3530
2832,3531
2833,3532
2834,3533
2835,3534
2836,3535
2837,3536
2838,3537
2839,3538
2840,3539
2841,3540
2842,3541
2843,3544
2844,3545
2845,3546
2846,3547
2847,3548
2848,3550
2849,3551
2850,3552
2851,3553
2852,3554
2853,3555
2854,3556
2855,3557
2856,3559
2857,3560
2858,3561
2859,3562
2860,3563
2861,3565
2862,3568
2863,3570
2864,3573
2865,3574
2866,3577
2867,3578
2868,3579
2869,3580
2870,3581
2871,3582
2872,3583
2873,3584
2874,3585
2875,3587
2876,3588
2877,3589
2878,3590
2879,3591
2880,3592
2881,3593
2882,3597
2883,3598
2884,3599
2885,3600
2886,3601
2887,3602
2888,3603
2889,3604
2890,3605
2891,3606
2892,3608
2893,3609
2894,3610
2895,3611
2896,3612
2897,3614
2898,3615
2899,3616
2900,3617
2901,3618
2902,3619
2903,3621
2904,3622
2905,3624
2906,3625
2907,3627
2908,3628
2909,3630
2910,3631
2911,3632
2912,3633
2913,3634
2914,3636
2915,3638
2916,3640
2917,3641
2918,3643
2919,3644
2920,3645
2921,3646
2922,3647
2923,3648
2924,3649
2925,3650
2926,3651
2927,3652
2928,3653
2929,3654
2930,3655
2931,3656
2932,3657
2933,3658
2934,3659
2935,3662
2936,3663
2937,3664
2938,3665
2939,3666
2940,3667
2941,3669
2942,3670
2943,3672
2944,3673
2945,3674
2946,3675
2947,3677
2948,3678
2949,3679
2950,3680
2951,3681
2952,3683
2953,3684
2954,3685
2955,3686
2956,3687
2957,3688
2958,3689
2959,3690
2960,3691
2961,3692
2962,3693
2963,3694
2964,3695
2965,3696
2966,3697
2967,3698
2968,3699
2969,3700
2970,3703
2971,3704
2972,3705
2973,3706
2974,3707
2975,3708
2976,3709
2977,3711
2978,3712
2979,3713
2980,3714
2981,3715
2982,3716
2983,3717
2984,3718
2985,3719
2986,3720
2987,3722
2988,3723
2989,3725
2990,3728
2991,3729
2992,3730
2993,3731
2994,3732
2995,3733
2996,3734
2997,3736
2998,3737
2999,3738
3000,3739
3001,3740
3002,3741
3003,3742
3004,3743
3005,3744
3006,3745
3007,3746
3008,3748
3009,3749
3010,3750
3011,3751
3012,3752
3013,3753
3014,3754
3015,3755
3016,3756
3017,3757
3018,3758
3019,3759
3020,3760
3021,3761
3022,3762
3023,3764
3024,3767
3025,3770
3026,3771
3027,3772
3028,3774
3029,3775
3030,3777
3031,3778
3032,3779
3033,3780
3034,3781
3035,3782
3036,3783
3037,3784
3038,3785
3039,3786
3040,3787
3041,3788
3042,3789
3043,3790
3044,3792
3045,3793
3046,3794
3047,3795
3048,3796
3049,3797
3050,3798
3051,3799
3052,3800
3053,3801
3054,3802
3055,3803
3056,3804
3057,3805
3058,3806
3059,3807
3060,3808
3061,3809
3062,3811
3063,3812
3064,3813
3065,3814
3066,3815
3067,3816
3068,3817
3069,3818
3070,3819
3071,3820
3072,3821
3073,3822
3074,3825
3075,3826
3076,3827
3077,3828
3078,3830
3079,3831
3080,3832
3081,3833
3082,3835
3083,3836
3084,3837
3085,3838
3086,3839
3087,3840
3088,3841
3089,3842
3090,3843
3091,3845
3092,3846
3093,3848
3094,3849
3095,3850
3096,3851
3097,3852
3098,3853
3099,3854
3100,3855
3101,3856
3102,3857
3103,3858
3104,3859
3105,3860
3106,3862
3107,3863
3108,3865
3109,3866
3110,3868
3111,3869
3112,3870
3113,3871
3114,3872
3115,3873
3116,3874
3117,3875
3118,3876
3119,3877
3120,3878
3121,3879
3122,3880
3123,3882
3124,3883
3125,3884
3126,3886
3127,3887
3128,3888
3129,3889
3130,3890
3131,3891
3132,3892
3133,3893
3134,3894
3135,3895
3136,3896
3137,3897
3138,3900
3139,3901
3140,3902
3141,3903
3142,3905
3143,3906
3144,3907
3145,3908
3146,3909
3147,3910
3148,3911
3149,3912
3150,3913
3151,3914
3152,3915
3153,3916
3154,3917
3155,3918
3156,3920
3157,3921
3158,3922
3159,3923
3160,3924
3161,3925
3162,3927
3163,3928
3164,3929
3165,3930
3166,3931
3167,3932
3168,3933
3169,3934
3170,3935
3171,3936
3172,3937
3173,3938
3174,3939
3175,3940
3176,3941
3177,3943
3178,3944
3179,3945
3180,3946
3181,3948
3182,3949
3183,3950
3184,3951
3185,3952
3186,3953
3187,3954
3188,3955
3189,3956
3190,3957
3191,3958
3192,3959
3193,3960
3194,3961
3195,3962
3196,3964
3197,3965
3198,3966
3199,3967
3200,3968
3201,3970
3202,3971
3203,3972
3204,3973
3205,3974
3206,3975
3207,3976
3208,3977
3209,3978
3210,3979
3211,3981
3212,3982
3213,3983
3214,3984
3215,3985
3216,3986
3217,3987
3218,3988
3219,3989
3220,3991
3221,3992
3222,3993
3223,3995
3224,3996
3225,3997
3226,3998
3227,3999
3228,4000
3229,4001
3230,4002
3231,4003
3232,4004
3233,4005
3234,4006
3235,4007
3236,4008
3237,4009
3238,4011
3239,4012
3240,4013
3241,4014
3242,4015
3243,4016
3244,4017
3245,4018
3246,4019
3247,4020
3248,4022
3249,4023
3250,4025
3251,4027
3252,4028
3253,4029
3254,4030
3255,4031
3256,4032
3257,4033
3258,4034
3259,4035
3260,4036
3261,4037
3262,4038
3263,4039
3264,4040
3265,4041
3266,4042
3267,4043
3268,4044
3269,4045
3270,4046
3271,4047
3272,4048
3273,4049
3274,4050
3275,4051
3276,4052
3277,4054
3278,4055
3279,4056
3280,4057
3281,4058
3282,4059
3283,4060
3284,4061
3285,4062
3286,4063
3287,4064
3288,4065
3289,4066
3290,4067
3291,4068
3292,4069
3293,4070
3294,4071
3295,4073
3296,4074
3297,4076
3298,4077
3299,4078
3300,4079
3301,4080
3302,4081
3303,4082
3304,4083
3305,4084
3306,4085
3307,4086
3308,4087
3309,4088
3310,4089
3311,4090
3312,4091
3313,4093
3314,4094
3315,4095
3316,4096
3317,4097
3318,4098
3319,4099
3320,4100
3321,4101
3322,4103
3323,4105
3324,4106
3325,4107
3326,4108
3327,4109
3328,4110
3329,4112
3330,4113
3331,4114
3332,4115
3333,4116
3334,4117
3335,4118
3336,4119
3337,4120
3338,4121
3339,4122
3340,4123
3341,4124
3342,4125
3343,4126
3344,4127
3345,4128
3346,4129
3347,4130
3348,4132
3349,4133
3350,4134
3351,4136
3352,4137
3353,4138
3354,4139
3355,4140
3356,4141
3357,4142
3358,4143
3359,4144
3360,4145
3361,4146
3362,4147
3363,4148
3364,4149
3365,4150
3366,4152
3367,4153
3368,4154
3369,4156
3370,4157
3371,4158
3372,4159
3373,4161
3374,4163
3375,4164
3376,4166
3377,4167
3378,4168
3379,4169
3380,4170
3381,4172
3382,4173
3383,4174
3384,4175
3385,4176
3386,4177
3387,4178
3388,4179
3389,4180
3390,4182
3391,4183
3392,4184
3393,4185
3394,4186
3395,4187
3396,4188
3397,4189
3398,4190
3399,4191
3400,4192
3401,4193
3402,4194
3403,4195
3404,4197
3405,4198
3406,4199
3407,4200
3408,4201
3409,4202
3410,4203
3411,4204
3412,4205
3413,4206
3414,4208
3415,4209
3416,4210
3417,4211
3418,4212
3419,4213
3420,4214
3421,4215
3422,4216
3423,4217
3424,4218
3425,4219
3426,4220
3427,4221
3428,4222
3429,4223
3430,4224
3431,4225
3432,4226
3433,4227
3434,4228
3435,4229
3436,4231
3437,4233
3438,4234
3439,4235
3440,4236
3441,4237
3442,4238
3443,4239
3444,4240
3445,4241
3446,4242
3447,4243
3448,4244
3449,4245
3450,4249
3451,4250
3452,4251
3453,4252
3454,4254
3455,4255
3456,4256
3457,4257
3458,4259
3459,4260
3460,4261
3461,4263
3462,4264
3463,4265
3464,4268
3465,4269
3466,4273
3467,4274
3468,4275
3469,4276
3470,4277
3471,4278
3472,4280
3473,4281
3474,4282
3475,4283
3476,4284
3477,4286
3478,4287
3479,4288
3480,4289
3481,4290
3482,4291
3483,4292
3484,4294
3485,4297
3486,4298
3487,4299
3488,4300
3489,4301
3490,4302
3491,4304
3492,4305
3493,4306
3494,4307
3495,4308
3496,4309
3497,4310
3498,4311
3499,4312
3500,4314
3501,4315
3502,4316
3503,4317
3504,4318
3505,4319
3506,4320
3507,4321
3508,4322
3509,4323
3510,4324
3511,4325
3512,4326
3513,4327
3514,4328
3515,4330
3516,4332
3517,4333
3518,4334
3519,4335
3520,4336
3521,4337
3522,4338
3523,4339
3524,4340
3525,4341
3526,4344
3527,4345
3528,4346
3529,4348
3530,4349
3531,4350
3532,4351
3533,4356
3534,4359
3535,4360
3536,4361
3537,4362
3538,4363
3539,4364
3540,4365
3541,4366
3542,4367
3543,4368
3544,4369
3545,4371
3546,4372
3547,4374
3548,4375
3549,4377
3550,4378
3551,4380
3552,4382
3553,4383
3554,4384
3555,4385
3556,4386
3557,4387
3558,4388
3559,4389
3560,4390
3561,4391
3562,4392
3563,4393
3564,4394
3565,4395
3566,4396
3567,4397
3568,4398
3569,4399
3570,4400
3571,4401
3572,4402
3573,4403
3574,4404
3575,4405
3576,4406
3577,4407
3578,4408
3579,4410
3580,4411
3581,4412
3582,4413
3583,4414
3584,4415
3585,4416
3586,4417
3587,4418
3588,4419
3589,4420
3590,4421
3591,4422
3592,4423
3593,4424
3594,4425
3595,4426
3596,4427
3597,4428
3598,4429
3599,4430
3600,4431
3601,4432
3602,4433
3603,4438
3604,4448
3605,4449
3606,4456
3607,4457
3608,4468
3609,4469
3610,4470
3611,4471
3612,4472
3613,4473
3614,4474
3615,4475
3616,4476
3617,4477
3618,4478
3619,4480
3620,4481
3621,4482
3622,4483
3623,4484
3624,4485
3625,4486
3626,4487
3627,4488
3628,4489
3629,4490
3630,4491
3631,4492
3632,4496
3633,4497
3634,4505
3635,4506
3636,4507
3637,4508
3638,4509
3639,4510
3640,4511
3641,4512
3642,4515
3643,4516
3644,4517
3645,4518
3646,4520
3647,4521
3648,4523
3649,4524
3650,4525
3651,4526
3652,4527
3653,4528
3654,4529
3655,4530
3656,4531
3657,4532
3658,4533
3659,4534
3660,4535
3661,4536
3662,4537
3663,4538
3664,4539
3665,4540
3666,4541
3667,4543
3668,4544
3669,4545
3670,4546
3671,4547
3672,4548
3673,4549
3674,4550
3675,4551
3676,4552
3677,4553
3678,4554
3679,4556
3680,4558
3681,4559
3682,4560
3683,4561
3684,4562
3685,4563
3686,4564
3687,4565
3688,4566
3689,4567
3690,4568
3691,4569
3692,4570
3693,4571
3694,4572
3695,4573
3696,4574
3697,4575
3698,4576
3699,4579
3700,4580
3701,4581
3702,4582
3703,4583
3704,4584
3705,4585
3706,4586
3707,4587
3708,4588
3709,4589
3710,4590
3711,4591
3712,4592
3713,4593
3714,4594
3715,4598
3716,4600
3717,4606
3718,4608
3719,4610
3720,4611
3721,4612
3722,4613
3723,4614
3724,4616
3725,4618
3726,4619
3727,4620
3728,4625
3729,4632
3730,4633
3731,4634
3732,4635
3733,4636
3734,4637
3735,4638
3736,4640
3737,4641
3738,4644
3739,4646
3740,4647
3741,4648
3742,4649
3743,4650
3744,4651
3745,4652
3746,4653
3747,4654
3748,4655
3749,4656
3750,4657
3751,4658
3752,4659
3753,4660
3754,4661
3755,4662
3756,4663
3757,4664
3758,4665
3759,4668
3760,4670
3761,4671
3762,4672
3763,4673
3764,4678
3765,4680
3766,4681
3767,4682
3768,4683
3769,4684
3770,4685
3771,4686
3772,4688
3773,4690
3774,4694
3775,4695
3776,4696
3777,4697
3778,4698
3779,4699
3780,4700
3781,4706
3782,4707
3783,4708
3784,4709
3785,4710
3786,4711
3787,4712
3788,4713
3789,4714
3790,4716
3791,4717
3792,4718
3793,4719
3794,4720
3795,4721
3796,4722
3797,4723
3798,4724
3799,4725
3800,4726
3801,4729
3802,4730
3803,4731
3804,4733
3805,4734
3806,4735
3807,4736
3808,4737
3809,4738
3810,4739
3811,4740
3812,4741
3813,4742
3814,4743
3815,4744
3816,4745
3817,4746
3818,4747
3819,4748
3820,4749
3821,4750
3822,4751
3823,4752
3824,4754
3825,4755
3826,4756
3827,4757
3828,4758
3829,4759
3830,4760
3831,4761
3832,4762
3833,4763
3834,4764
3835,4765
3836,4766
3837,4767
3838,4768
3839,4769
3840,4771
3841,4772
3842,4773
3843,4774
3844,4775
3845,4776
3846,4777
3847,4778
3848,4779
3849,4780
3850,4781
3851,4782
3852,4783
3853,4784
3854,4785
3855,4786
3856,4787
3857,4788
3858,4789
3859,4790
3860,4791
3861,4792
3862,4793
3863,4794
3864,4795
3865,4796
3866,4797
3867,4798
3868,4800
3869,4801
3870,4802
3871,4803
3872,4804
3873,4805
3874,4806
3875,4808
3876,4809
3877,4810
3878,4811
3879,4813
3880,4814
3881,4815
3882,4816
3883,4819
3884,4820
3885,4821
3886,4822
3887,4823
3888,4824
3889,4825
3890,4826
3891,4827
3892,4828
3893,4829
3894,4831
3895,4832
3896,4833
3897,4835
3898,4836
3899,4837
3900,4838
3901,4839
3902,4840
3903,4841
3904,4842
3905,4843
3906,4844
3907,4845
3908,4846
3909,4849
3910,4851
3911,4852
3912,4853
3913,4854
3914,4855
3915,4856
3916,4857
3917,4859
3918,4860
3919,4861
3920,4862
3921,4863
3922,4865
3923,4866
3924,4867
3925,4868
3926,4869
3927,4870
3928,4872
3929,4873
3930,4874
3931,4875
3932,4876
3933,4877
3934,4878
3935,4879
3936,4881
3937,4882
3938,4884
3939,4885
3940,4886
3941,4887
3942,4888
3943,4889
3944,4890
3945,4893
3946,4896
3947,4897
3948,4898
3949,4899
3950,4900
3951,4901
3952,4902
3953,4903
3954,4904
3955,4905
3956,4906
3957,4907
3958,4908
3959,4909
3960,4910
3961,4911
3962,4912
3963,4913
3964,4914
3965,4916
3966,4917
3967,4918
3968,4920
3969,4921
3970,4922
3971,4924
3972,4925
3973,4926
3974,4927
3975,4928
3976,4929
3977,4930
3978,4931
3979,4932
3980,4933
3981,4934
3982,4936
3983,4937
3984,4938
3985,4939
3986,4941
3987,4942
3988,4943
3989,4944
3990,4945
3991,4946
3992,4947
3993,4948
3994,4949
3995,4950
3996,4952
3997,4953
3998,4954
3999,4955
4000,4956
4001,4957
4002,4959
4003,4960
4004,4961
4005,4963
4006,4964
4007,4965
4008,4966
4009,4967
4010,4968
4011,4969
4012,4970
4013,4971
4014,4973
4015,4974
4016,4975
4017,4976
4018,4977
4019,4978
4020,4979
4021,4980
4022,4981
4023,4982
4024,4983
4025,4987
4026,4988
4027,4989
4028,4990
4029,4991
4030,4992
4031,4993
4032,4994
4033,4996
4034,4997
4035,4998
4036,4999
4037,5000
4038,5003
4039,5005
4040,5006
4041,5007
4042,5008
4043,5009
4044,5010
4045,5012
4046,5014
4047,5015
4048,5016
4049,5017
4050,5018
4051,5020
4052,5021
4053,5022
4054,5024
4055,5025
4056,5026
4057,5027
4058,5028
4059,5031
4060,5032
4061,5033
4062,5036
4063,5037
4064,5038
4065,5042
4066,5043
4067,5047
4068,5048
4069,5049
4070,5050
4071,5052
4072,5053
4073,5054
4074,5056
4075,5057
4076,5059
4077,5060
4078,5061
4079,5063
4080,5064
4081,5065
4082,5066
4083,5067
4084,5069
4085,5070
4086,5071
4087,5073
4088,5074
4089,5075
4090,5076
4091,5077
4092,5078
4093,5079
4094,5080
4095,5081
4096,5082
4097,5083
4098,5086
4099,5087
4100,5088
4101,5089
4102,5090
4103,5091
4104,5092
4105,5093
4106,5094
4107,5095
4108,5096
4109,5097
4110,5098
4111,5099
4112,5100
4113,5101
4114,5102
4115,5103
4116,5105
4117,5106
4118,5107
4119,5108
4120,5109
4121,5110
4122,5111
4123,5112
4124,5113
4125,5114
4126,5115
4127,5116
4128,5117
4129,5118
4130,5119
4131,5120
4132,5123
4133,5124
4134,5127
4135,5128
4136,5129
4137,5130
4138,5131
4139,5132
4140,5133
4141,5134
4142,5135
4143,5136
4144,5137
4145,5138
4146,5139
4147,5140
4148,5141
4149,5142
4150,5143
4151,5146
4152,5147
4153,5148
4154,5150
4155,5154
4156,5155
4157,5156
4158,5157
4159,5158
4160,5160
4161,5161
4162,5162
4163,5163
4164,5164
4165,5165
4166,5166
4167,5167
4168,5168
4169,5169
4170,5171
4171,5172
4172,5173
4173,5174
4174,5176
4175,5177
4176,5178
4177,5179
4178,5180
4179,5181
4180,5182
4181,5183
4182,5184
4183,5185
4184,5186
4185,5187
4186,5188
4187,5189
4188,5190
4189,5191
4190,5192
4191,5193
4192,5195
4193,5198
4194,5199
4195,5200
4196,5201
4197,5202
4198,5203
4199,5205
4200,5208
4201,5209
4202,5210
4203,5212
4204,5214
4205,5215
4206,5216
4207,5217
4208,5218
4209,5219
4210,5220
4211,5222
4212,5223
4213,5224
4214,5225
4215,5226
4216,5228
4217,5229
4218,5230
4219,5232
4220,5233
4221,5234
4222,5235
4223,5236
4224,5237
4225,5239
4226,5240
4227,5241
4228,5242
4229,5246
4230,5248
4231,5250
4232,5251
4233,5252
4234,5253
4235,5254
4236,5256
4237,5257
4238,5258
4239,5259
4240,5260
4241,5261
4242,5262
4243,5263
4244,5264
4245,5265
4246,5266
4247,5267
4248,5268
4249,5269
4250,5270
4251,5271
4252,5273
4253,5274
4254,5275
4255,5276
4256,5279
4257,5280
4258,5281
4259,5282
4260,5283
4261,5284
4262,5285
4263,5286
4264,5287
4265,5288
4266,5289
4267,5290
4268,5291
4269,5293
4270,5294
4271,5295
4272,5296
4273,5297
4274,5298
4275,5299
4276,5300
4277,5301
4278,5302
4279,5303
4280,5304
4281,5305
4282,5306
4283,5307
4284,5308
4285,5309
4286,5310
4287,5311
4288,5312
4289,5313
4290,5314
4291,5315
4292,5316
4293,5317
4294,5318
4295,5319
4296,5320
4297,5321
4298,5322
4299,5325
4300,5326
4301,5327
4302,5328
4303,5329
4304,5330
4305,5331
4306,5332
4307,5333
4308,5334
4309,5335
4310,5336
4311,5337
4312,5338
4313,5339
4314,5340
4315,5341
4316,5344
4317,5345
4318,5348
4319,5349
4320,5351
4321,5353
4322,5354
4323,5355
4324,5356
4325,5357
4326,5358
4327,5359
4328,5360
4329,5361
4330,5362
4331,5363
4332,5365
4333,5367
4334,5369
4335,5370
4336,5371
4337,5372
4338,5374
4339,5375
4340,5376
4341,5377
4342,5378
4343,5379
4344,5380
4345,5381
4346,5382
4347,5383
4348,5384
4349,5385
4350,5386
4351,5387
4352,5388
4353,5389
4354,5390
4355,5392
4356,5393
4357,5394
4358,5396
4359,5397
4360,5398
4361,5400
4362,5401
4363,5402
4364,5403
4365,5404
4366,5405
4367,5406
4368,5407
4369,5408
4370,5409
4371,5410
4372,5411
4373,5412
4374,5414
4375,5415
4376,5417
4377,5418
4378,5419
4379,5420
4380,5421
4381,5422
4382,5423
4383,5424
4384,5425
4385,5426
4386,5429
4387,5430
4388,5432
4389,5433
4390,5434
4391,5435
4392,5436
4393,5437
4394,5438
4395,5439
4396,5440
4397,5441
4398,5442
4399,5443
4400,5444
4401,5445
4402,5446
4403,5447
4404,5449
4405,5450
4406,5451
4407,5452
4408,5454
4409,5455
4410,5456
4411,5457
4412,5459
4413,5460
4414,5461
4415,5462
4416,5464
4417,5465
4418,5467
4419,5468
4420,5469
4421,5470
4422,5473
4423,5474
4424,5475
4425,5476
4426,5477
4427,5478
4428,5479
4429,5480
4430,5482
4431,5483
4432,5484
4433,5486
4434,5487
4435,5488
4436,5489
4437,5491
4438,5492
4439,5493
4440,5494
4441,5495
4442,5496
4443,5498
4444,5499
4445,5501
4446,5502
4447,5503
4448,5504
4449,5508
4450,5509
4451,5510
4452,5513
4453,5517
4454,5518
4455,5520
4456,5522
4457,5523
4458,5524
4459,5525
4460,5526
4461,5527
4462,5529
4463,5530
4464,5531
4465,5532
4466,5533
4467,5534
4468,5535
4469,5536
4470,5537
4471,5539
4472,5540
4473,5541
4474,5542
4475,5543
4476,5544
4477,5545
4478,5547
4479,5549
4480,5550
4481,5551
4482,5552
4483,5553
4484,5554
4485,5555
4486,5561
4487,5562
4488,5563
4489,5564
4490,5565
4491,5569
4492,5570
4493,5571
4494,5572
4495,5573
4496,5574
4497,5575
4498,5576
4499,5577
4500,5578
4501,5579
4502,5580
4503,5581
4504,5582
4505,5584
4506,5585
4507,5586
4508,5587
4509,5588
4510,5589
4511,5590
4512,5591
4513,5592
4514,5593
4515,5594
4516,5595
4517,5596
4518,5597
4519,5600
4520,5601
4521,5602
4522,5603
4523,5604
4524,5605
4525,5606
4526,5607
4527,5608
4528,5609
4529,5610
4530,5611
4531,5613
4532,5614
4533,5615
4534,5617
4535,5618
4536,5619
4537,5620
4538,5621
4539,5624
4540,5625
4541,5626
4542,5627
4543,5628
4544,5629
4545,5630
4546,5633
4547,5635
4548,5636
4549,5637
4550,5638
4551,5639
4552,5640
4553,5641
4554,5642
4555,5643
4556,5644
4557,5645
4558,5646
4559,5647
4560,5648
4561,5649
4562,5651
4563,5655
4564,5656
4565,5657
4566,5658
4567,5659
4568,5660
4569,5662
4570,5664
4571,5665
4572,5666
4573,5667
4574,5668
4575,5669
4576,5670
4577,5671
4578,5672
4579,5673
4580,5674
4581,5675
4582,5680
4583,5681
4584,5682
4585,5684
4586,5687
4587,5688
4588,5689
4589,5690
4590,5691
4591,5692
4592,5693
4593,5694
4594,5695
4595,5696
4596,5697
4597,5698
4598,5699
4599,5700
4600,5701
4601,5704
4602,5707
4603,5708
4604,5709
4605,5710
4606,5711
4607,5712
4608,5713
4609,5714
4610,5715
4611,5716
4612,5717
4613,5718
4614,5721
4615,5723
4616,5724
4617,5725
4618,5726
4619,5728
4620,5729
4621,5730
4622,5731
4623,5732
4624,5733
4625,5734
4626,5735
4627,5736
4628,5737
4629,5738
4630,5739
4631,5740
4632,5741
4633,5742
4634,5743
4635,5744
4636,5745
4637,5746
4638,5747
4639,5748
4640,5749
4641,5751
4642,5752
4643,5754
4644,5756
4645,5760
4646,5761
4647,5762
4648,5763
4649,5764
4650,5765
4651,5766
4652,5768
4653,5769
4654,5771
4655,5772
4656,5773
4657,5774
4658,5776
4659,5777
4660,5778
4661,5780
4662,5781
4663,5782
4664,5783
4665,5784
4666,5785
4667,5786
4668,5787
4669,5788
4670,5790
4671,5791
4672,5794
4673,5798
4674,5799
4675,5800
4676,5801
4677,5802
4678,5803
4679,5804
4680,5805
4681,5806
4682,5807
4683,5808
4684,5809
4685,5810
4686,5811
4687,5812
4688,5817
4689,5819
4690,5821
4691,5822
4692,5823
4693,5824
4694,5825
4695,5826
4696,5827
4697,5828
4698,5829
4699,5830
4700,5831
4701,5832
4702,5834
4703,5837
4704,5838
4705,5839
4706,5840
4707,5841
4708,5842
4709,5844
4710,5846
4711,5847
4712,5850
4713,5854
4714,5855
4715,5856
4716,5859
4717,5860
4718,5862
4719,5864
4720,5865
4721,5866
4722,5868
4723,5869
4724,5870
4725,5874
4726,5875
4727,5876
4728,5877
4729,5878
4730,5882
4731,5885
4732,5886
4733,5887
4734,5892
4735,5893
4736,5894
4737,5895
4738,5896
4739,5899
4740,5900
4741,5901
4742,5902
4743,5903
4744,5904
4745,5906
4746,5907
4747,5909
4748,5910
4749,5911
4750,5912
4751,5913
4752,5914
4753,5917
4754,5919
4755,5920
4756,5921
4757,5922
4758,5923
4759,5925
4760,5926
4761,5927
4762,5928
4763,5929
4764,5930
4765,5931
4766,5932
4767,5933
4768,5934
4769,5935
4770,5936
4771,5937
4772,5938
4773,5939
4774,5940
4775,5941
4776,5943
4777,5944
4778,5945
4779,5946
4780,5947
4781,5949
4782,5950
4783,5951
4784,5952
4785,5953
4786,5954
4787,5955
4788,5956
4789,5957
4790,5958
4791,5960
4792,5961
4793,5962
4794,5963
4795,5964
4796,5965
4797,5966
4798,5967
4799,5968
4800,5969
4801,5970
4802,5972
4803,5974
4804,5975
4805,5977
4806,5980
4807,5981
4808,5982
4809,5983
4810,5984
4811,5985
4812,5987
4813,5988
4814,5989
4815,5990
4816,5992
4817,5993
4818,5994
4819,5995
4820,5997
4821,5998
4822,5999
4823,6000
4824,6001
4825,6002
4826,6005
4827,6006
4828,6007
4829,6008
4830,6010
4831,6011
4832,6012
4833,6014
4834,6019
4835,6020
4836,6022
4837,6025
4838,6027
4839,6028
4840,6029
4841,6030
4842,6031
4843,6032
4844,6033
4845,6034
4846,6035
4847,6036
4848,6037
4849,6038
4850,6039
4851,6041
4852,6042
4853,6043
4854,6046
4855,6047
4856,6048
4857,6049
4858,6050
4859,6051
4860,6052
4861,6053
4862,6055
4863,6056
4864,6058
4865,6059
4866,6062
4867,6063
4868,6064
4869,6065
4870,6067
4871,6068
4872,6069
4873,6071
4874,6072
4875,6073
4876,6074
4877,6077
4878,6078
4879,6084
4880,6085
4881,6086
4882,6087
4883,6088
4884,6091
4885,6092
4886,6093
4887,6094
4888,6095
4889,6096
4890,6097
4891,6098
4892,6100
4893,6101
4894,6103
4895,6105
4896,6106
4897,6107
4898,6108
4899,6111
4900,6113
4901,6114
4902,6117
4903,6118
4904,6119
4905,6120
4906,6121
4907,6123
4908,6124
4909,6125
4910,6126
4911,6127
4912,6128
4913,6129
4914,6131
4915,6133
4916,6134
4917,6135
4918,6136
4919,6137
4920,6138
4921,6139
4922,6140
4923,6141
4924,6145
4925,6146
4926,6147
4927,6148
4928,6149
4929,6151
4930,6154
4931,6155
4932,6156
4933,6157
4934,6158
4935,6159
4936,6160
4937,6161
4938,6163
4939,6164
4940,6165
4941,6166
4942,6167
4943,6168
4944,6169
4945,6170
4946,6171
4947,6172
4948,6173
4949,6177
4950,6178
4951,6181
4952,6184
4953,6186
4954,6187
4955,6189
4956,6190
4957,6191
4958,6192
4959,6194
4960,6195
4961,6196
4962,6197
4963,6198
4964,6200
4965,6201
4966,6202
4967,6203
4968,6204
4969,6205
4970,6206
4971,6207
4972,6208
4973,6210
4974,6211
4975,6212
4976,6213
4977,6214
4978,6215
4979,6216
4980,6217
4981,6218
4982,6220
4983,6221
4984,6222
4985,6225
4986,6226
4987,6230
4988,6233
4989,6234
4990,6235
4991,6236
4992,6237
4993,6240
4994,6241
4995,6242
4996,6243
4997,6244
4998,6245
4999,6246
5000,6247
5001,6248
5002,6249
5003,6252
5004,6253
5005,6254
5006,6255
5007,6257
5008,6258
5009,6259
5010,6261
5011,6262
5012,6263
5013,6264
5014,6265
5015,6266
5016,6267
5017,6269
5018,6270
5019,6276
5020,6277
5021,6278
5022,6279
5023,6280
5024,6281
5025,6282
5026,6283
5027,6284
5028,6285
5029,6286
5030,6287
5031,6288
5032,6289
5033,6290
5034,6291
5035,6292
5036,6294
5037,6300
5038,6301
5039,6302
5040,6303
5041,6304
5042,6305
5043,6306
5044,6307
5045,6308
5046,6309
5047,6310
5048,6312
5049,6313
5050,6314
5051,6315
5052,6317
5053,6318
5054,6319
5055,6320
5056,6321
5057,6322
5058,6324
5059,6327
5060,6328
5061,6329
5062,6330
5063,6331
5064,6332
5065,6334
5066,6335
5067,6337
5068,6338
5069,6340
5070,6341
5071,6342
5072,6343
5073,6344
5074,6345
5075,6346
5076,6347
5077,6349
5078,6350
5079,6351
5080,6352
5081,6353
5082,6354
5083,6355
5084,6356
5085,6357
5086,6358
5087,6359
5088,6360
5089,6361
5090,6363
5091,6364
5092,6365
5093,6367
5094,6368
5095,6369
5096,6370
5097,6371
5098,6372
5099,6373
5100,6374
5101,6375
5102,6376
5103,6377
5104,6378
5105,6379
5106,6380
5107,6381
5108,6382
5109,6383
5110,6384
5111,6385
5112,6386
5113,6387
5114,6388
5115,6389
5116,6390
5117,6391
5118,6392
5119,6394
5120,6395
5121,6400
5122,6401
5123,6402
5124,6403
5125,6404
5126,6405
5127,6406
5128,6407
5129,6408
5130,6409
5131,6410
5132,6411
5133,6412
5134,6413
5135,6414
5136,6415
5137,6416
5138,6419
5139,6422
5140,6423
5141,6424
5142,6427
5143,6428
5144,6429
5145,6430
5146,6431
5147,6432
5148,6433
5149,6434
5150,6435
5151,6436
5152,6437
5153,6438
5154,6439
5155,6440
5156,6441
5157,6442
5158,6443
5159,6444
5160,6445
5161,6446
5162,6447
5163,6448
5164,6449
5165,6450
5166,6451
5167,6452
5168,6453
5169,6454
5170,6455
5171,6456
5172,6458
5173,6459
5174,6460
5175,6461
5176,6462
5177,6463
5178,6465
5179,6466
5180,6467
5181,6468
5182,6469
5183,6470
5184,6471
5185,6475
5186,6477
5187,6478
5188,6479
5189,6480
5190,6481
5191,6482
5192,6483
5193,6484
5194,6485
5195,6486
5196,6487
5197,6489
5198,6490
5199,6492
5200,6493
5201,6494
5202,6495
5203,6496
5204,6497
5205,6498
5206,6499
5207,6500
5208,6501
5209,6502
5210,6503
5211,6504
5212,6505
5213,6506
5214,6507
5215,6508
5216,6509
5217,6510
5218,6511
5219,6512
5220,6513
5221,6514
5222,6515
5223,6516
5224,6517
5225,6518
5226,6519
5227,6520
5228,6521
5229,6522
5230,6523
5231,6524
5232,6525
5233,6526
5234,6527
5235,6528
5236,6529
5237,6530
5238,6531
5239,6532
5240,6533
5241,6534
5242,6536
5243,6537
5244,6538
5245,6539
5246,6541
5247,6542
5248,6543
5249,6544
5250,6545
5251,6546
5252,6547
5253,6550
5254,6551
5255,6552
5256,6553
5257,6556
5258,6558
5259,6559
5260,6560
5261,6561
5262,6563
5263,6564
5264,6565
5265,6566
5266,6568
5267,6569
5268,6573
5269,6574
5270,6575
5271,6576
5272,6577
5273,6578
5274,6579
5275,6580
5276,6582
5277,6583
5278,6584
5279,6585
5280,6586
5281,6587
5282,6588
5283,6589
5284,6590
5285,6591
5286,6592
5287,6594
5288,6595
5289,6596
5290,6598
5291,6599
5292,6600
5293,6601
5294,6602
5295,6603
5296,6604
5297,6605
5298,6606
5299,6609
5300,6610
5301,6612
5302,6614
5303,6616
5304,6622
5305,6623
5306,6624
5307,6625
5308,6628
5309,6630
5310,6631
5311,6632
5312,6634
5313,6635
5314,6637
5315,6638
5316,6639
5317,6640
5318,6641
5319,6642
5320,6644
5321,6645
5322,6646
5323,6647
5324,6648
5325,6649
5326,6650
5327,6651
5328,6652
5329,6653
5330,6654
5331,6656
5332,6657
5333,6659
5334,6660
5335,6662
5336,6663
5337,6664
5338,6665
5339,6666
5340,6667
5341,6668
5342,6669
5343,6670
5344,6671
5345,6672
5346,6673
5347,6674
5348,6675
5349,6677
5350,6678
5351,6680
5352,6681
5353,6682
5354,6684
5355,6686
5356,6687
5357,6688
5358,6689
5359,6690
5360,6691
5361,6692
5362,6693
5363,6695
5364,6696
5365,6697
5366,6701
5367,6704
5368,6706
5369,6708
5370,6709
5371,6711
5372,6713
5373,6714
5374,6715
5375,6718
5376,6719
5377,6720
5378,6722
5379,6723
5380,6724
5381,6725
5382,6726
5383,6727
5384,6728
5385,6729
5386,6730
5387,6731
5388,6732
5389,6733
5390,6734
5391,6735
5392,6736
5393,6737
5394,6738
5395,6739
5396,6741
5397,6742
5398,6743
5399,6744
5400,6745
5401,6746
5402,6747
5403,6748
5404,6750
5405,6755
5406,6757
5407,6758
5408,6760
5409,6761
5410,6762
5411,6763
5412,6764
5413,6765
5414,6766
5415,6767
5416,6768
5417,6771
5418,6772
5419,6776
5420,6777
5421,6778
5422,6780
5423,6782
5424,6783
5425,6784
5426,6785
5427,6787
5428,6788
5429,6789
5430,6790
5431,6791
5432,6792
5433,6793
5434,6794
5435,6795
5436,6796
5437,6797
5438,6798
5439,6799
5440,6802
5441,6803
5442,6804
5443,6805
5444,6809
5445,6811
5446,6812
5447,6813
5448,6814
5449,6815
5450,6816
5451,6817
5452,6819
5453,6820
5454,6821
5455,6823
5456,6825
5457,6826
5458,6827
5459,6828
5460,6829
5461,6830
5462,6831
5463,6832
5464,6833
5465,6834
5466,6836
5467,6837
5468,6838
5469,6840
5470,6841
5471,6845
5472,6846
5473,6848
5474,6849
5475,6850
5476,6851
5477,6853
5478,6854
5479,6855
5480,6856
5481,6857
5482,6858
5483,6859
5484,6860
5485,6861
5486,6862
5487,6864
5488,6865
5489,6866
5490,6868
5491,6869
5492,6871
5493,6873
5494,6875
5495,6876
5496,6877
5497,6878
5498,6879
5499,6881
5500,6882
5501,6883
5502,6884
5503,6885
5504,6886
5505,6887
5506,6888
5507,6889
5508,6890
5509,6891
5510,6893
5511,6894
5512,6899
5513,6900
5514,6901
5515,6902
5516,6903
5517,6904
5518,6905
5519,6906
5520,6907
5521,6908
5522,6910
5523,6911
5524,6912
5525,6913
5526,6914
5527,6915
5528,6916
5529,6918
5530,6920
5531,6921
5532,6922
5533,6923
5534,6924
5535,6925
5536,6926
5537,6927
5538,6929
5539,6931
5540,6932
5541,6933
5542,6934
5543,6935
5544,6938
5545,6939
5546,6940
5547,6941
5548,6942
5549,6943
5550,6944
5551,6945
5552,6947
5553,6948
5554,6950
5555,6952
5556,6953
5557,6954
5558,6955
5559,6956
5560,6957
5561,6958
5562,6959
5563,6961
5564,6962
5565,6963
5566,6964
5567,6965
5568,6967
5569,6968
5570,6969
5571,6970
5572,6971
5573,6972
5574,6973
5575,6974
5576,6975
5577,6976
5578,6977
5579,6978
5580,6979
5581,6981
5582,6983
5583,6984
5584,6985
5585,6986
5586,6987
5587,6988
5588,6989
5589,6990
5590,6991
5591,6992
5592,6993
5593,6994
5594,6995
5595,6996
5596,6999
5597,7000
5598,7001
5599,7002
5600,7003
5601,7004
5602,7007
5603,7009
5604,7010
5605,7011
5606,7012
5607,7013
5608,7015
5609,7016
5610,7018
5611,7019
5612,7020
5613,7021
5614,7023
5615,7025
5616,7027
5617,7028
5618,7029
5619,7030
5620,7031
5621,7032
5622,7033
5623,7036
5624,7037
5625,7038
5626,7040
5627,7041
5628,7042
5629,7043
5630,7044
5631,7045
5632,7047
5633,7048
5634,7049
5635,7050
5636,7051
5637,7052
5638,7058
5639,7059
5640,7060
5641,7061
5642,7063
5643,7064
5644,7065
5645,7071
5646,7072
5647,7073
5648,7074
5649,7075
5650,7084
5651,7085
5652,7087
5653,7088
5654,7089
5655,7090
5656,7091
5657,7092
5658,7104
5659,7105
5660,7106
5661,7107
5662,7109
5663,7110
5664,7111
5665,7113
5666,7114
5667,7115
5668,7117
5669,7118
5670,7119
5671,7120
5672,7122
5673,7124
5674,7125
5675,7126
5676,7127
5677,7128
5678,7129
5679,7130
5680,7131
5681,7132
5682,7133
5683,7134
5684,7135
5685,7136
5686,7137
5687,7138
5688,7139
5689,7140
5690,7141
5691,7142
5692,7143
5693,7144
5694,7145
5695,7146
5696,7147
5697,7148
5698,7149
5699,7151
5700,7152
5701,7153
5702,7156
5703,7157
5704,7158
5705,7159
5706,7160
5707,7162
5708,7163
5709,7164
5710,7165
5711,7166
5712,7167
5713,7168
5714,7169
5715,7170
5716,7171
5717,7172
5718,7173
5719,7174
5720,7175
5721,7176
5722,7177
5723,7178
5724,7181
5725,7182
5726,7184
5727,7185
5728,7186
5729,7188
5730,7189
5731,7191
5732,7192
5733,7193
5734,7194
5735,7195
5736,7197
5737,7198
5738,7199
5739,7200
5740,7201
5741,7202
5742,7203
5743,7204
5744,7205
5745,7206
5746,7207
5747,7208
5748,7212
5749,7213
5750,7216
5751,7217
5752,7219
5753,7220
5754,7222
5755,7223
5756,7225
5757,7226
5758,7228
5759,7229
5760,7230
5761,7231
5762,7232
5763,7233
5764,7234
5765,7235
5766,7236
5767,7238
5768,7239
5769,7242
5770,7244
5771,7245
5772,7248
5773,7249
5774,7250
5775,7251
5776,7252
5777,7253
5778,7254
5779,7255
5780,7256
5781,7257
5782,7258
5783,7260
5784,7262
5785,7263
5786,7265
5787,7266
5788,7267
5789,7268
5790,7269
5791,7270
5792,7271
5793,7272
5794,7274
5795,7275
5796,7276
5797,7277
5798,7278
5799,7280
5800,7281
5801,7282
5802,7283
5803,7284
5804,7285
5805,7286
5806,7287
5807,7288
5808,7290
5809,7291
5810,7292
5811,7293
5812,7294
5813,7295
5814,7296
5815,7297
5816,7298
5817,7299
5818,7300
5819,7301
5820,7302
5821,7304
5822,7305
5823,7308
5824,7311
5825,7316
5826,7317
5827,7318
5828,7319
5829,7320
5830,7321
5831,7322
5832,7323
5833,7327
5834,7328
5835,7329
5836,7330
5837,7331
5838,7333
5839,7334
5840,7336
5841,7337
5842,7338
5843,7342
5844,7343
5845,7347
5846,7351
5847,7352
5848,7353
5849,7357
5850,7358
5851,7359
5852,7362
5853,7363
5854,7364
5855,7371
5856,7372
5857,7373
5858,7374
5859,7375
5860,7376
5861,7377
5862,7378
5863,7379
5864,7381
5865,7382
5866,7383
5867,7384
5868,7385
5869,7386
5870,7387
5871,7388
5872,7390
5873,7391
5874,7397
5875,7398
5876,7399
5877,7400
5878,7402
5879,7403
5880,7404
5881,7406
5882,7407
5883,7409
5884,7410
5885,7413
5886,7414
5887,7415
5888,7416
5889,7421
5890,7423
5891,7426
5892,7427
5893,7429
5894,7431
5895,7432
5896,7433
5897,7439
5898,7441
5899,7442
5900,7443
5901,7444
5902,7445
5903,7447
5904,7452
5905,7454
5906,7455
5907,7457
5908,7458
5909,7459
5910,7460
5911,7461
5912,7462
5913,7463
5914,7478
5915,7480
5916,7482
5917,7487
5918,7488
5919,7489
5920,7490
5921,7491
5922,7493
5923,7494
5924,7496
5925,7499
5926,7500
5927,7502
5928,7503
5929,7504
5930,7505
5931,7509
5932,7512
5933,7515
5934,7517
5935,7518
5936,7519
5937,7520
5938,7523
5939,7524
5940,7525
5941,7526
5942,7528
5943,7530
5944,7532
5945,7533
5946,7537
5947,7538
5948,7548
5949,7549
5950,7550
5951,7554
5952,7555
5953,7556
5954,7557
5955,7559
5956,7560
5957,7561
5958,7562
5959,7563
5960,7564
5961,7565
5962,7566
5963,7567
5964,7568
5965,7569
5966,7571
5967,7577
5968,7585
5969,7586
5970,7588
5971,7593
5972,7594
5973,7595
5974,7596
5975,7598
5976,7599
5977,7600
5978,7601
5979,7602
5980,7603
5981,7604
5982,7607
5983,7608
5984,7612
5985,7613
5986,7616
5987,7617
5988,7618
5989,7619
5990,7620
5991,7621
5992,7622
5993,7624
5994,7626
5995,7627
5996,7628
5997,7630
5998,7631
5999,7632
6000,7647
6001,7648
6002,7649
6003,7654
6004,7655
6005,7661
6006,7662
6007,7663
6008,7666
6009,7667
6010,7668
6011,7669
6012,7670
6013,7671
6014,7672
6015,7673
6016,7674
6017,7675
6018,7680
6019,7682
6020,7685
6021,7686
6022,7687
6023,7690
6024,7693
6025,7697
6026,7704
6027,7705
6028,7706
6029,7707
6030,7708
6031,7709
6032,7710
6033,7711
6034,7712
6035,7713
6036,7714
6037,7718
6038,7719
6039,7720
6040,7721
6041,7722
6042,7725
6043,7726
6044,7727
6045,7728
6046,7729
6047,7732
6048,7733
6049,7734
6050,7735
6051,7736
6052,7738
6053,7740
6054,7745
6055,7746
6056,7747
6057,7748
6058,7749
6059,7750
6060,7766
6061,7767
6062,7768
6063,7769
6064,7772
6065,7773
6066,7776
6067,7777
6068,7778
6069,7780
6070,7782
6071,7783
6072,7784
6073,7785
6074,7787
6075,7788
6076,7789
6077,7790
6078,7797
6079,7798
6080,7800
6081,7802
6082,7803
6083,7804
6084,7812
6085,7820
6086,7821
6087,7822
6088,7825
6089,7826
6090,7829
6091,7830
6092,7849
6093,7851
6094,7853
6095,7854
6096,7855
6097,7856
